ref_cita;fecha;hora;ref_servicio
948579221;7/12/2020;7/12/2020 11:55;307900233
389640506;10/7/2020;10/7/2020 12:57;503366250
946408187;8/9/2020;8/9/2020 19:54;928981058
912866016;4/11/2020;4/11/2020 14:28;445786917
205850041;16/7/2020;16/7/2020 11:41;158536472
713384401;7/10/2020;7/10/2020 10:39;158608859
944944718;11/5/2020;11/5/2020 16:32;564519529
644326189;7/2/2020;7/2/2020 14:3;928981058
244104252;25/1/2020;25/1/2020 10:22;150494290
921722241;5/8/2020;5/8/2020 19:55;150494290
138369262;15/2/2020;15/2/2020 12:29;445786917
893804512;6/12/2020;6/12/2020 14:54;361559887
396514246;12/4/2020;12/4/2020 13:44;546766855
678671358;8/10/2020;8/10/2020 12:55;245006500
357875405;15/6/2020;15/6/2020 11:49;445786917
241708034;1/8/2020;1/8/2020 12:45;545824448
415570692;11/1/2020;11/1/2020 11:23;445786917
941881443;3/9/2020;3/9/2020 16:32;158536472
560182424;1/11/2020;1/11/2020 11:40;307900233
989538998;8/1/2020;8/1/2020 19:42;546766855
849320033;1/5/2020;1/5/2020 14:46;361559887
785125500;24/7/2020;24/7/2020 15:49;245006500
156016098;9/6/2020;9/6/2020 19:58;361559887
934221394;26/2/2020;26/2/2020 12:45;158608859
882440213;24/1/2020;24/1/2020 14:13;546766855
663510470;27/1/2020;27/1/2020 16:45;307900233
161338399;13/3/2020;13/3/2020 14:17;307900233
481453267;24/12/2020;24/12/2020 12:15;928981058
391957621;20/7/2020;20/7/2020 10:27;445786917
896329268;7/9/2020;7/9/2020 11:47;503366250
728995521;24/1/2020;24/1/2020 17:32;847072062
918958263;6/6/2020;6/6/2020 19:28;245006500
655028984;26/10/2020;26/10/2020 19:25;445786917
803264229;17/8/2020;17/8/2020 19:53;245006500
732897407;12/4/2020;12/4/2020 13:37;158608859
845081832;20/8/2020;20/8/2020 12:17;380227339
174948213;3/8/2020;3/8/2020 15:56;928981058
313976061;3/8/2020;3/8/2020 16:3;503366250
958815218;18/6/2020;18/6/2020 10:2;380227339
691769494;14/9/2020;14/9/2020 16:20;307900233
370387895;13/3/2020;13/3/2020 13:27;158536472
679782254;27/2/2020;27/2/2020 16:15;150494290
771883548;9/9/2020;9/9/2020 19:34;445786917
877477342;2/1/2020;2/1/2020 15:50;315580066
974678807;22/2/2020;22/2/2020 17:56;564519529
982376753;3/4/2020;3/4/2020 14:15;361559887
863395775;6/2/2020;6/2/2020 12:19;245006500
412949099;26/9/2020;26/9/2020 11:7;503366250
647824155;12/6/2020;12/6/2020 16:45;307900233
176171044;16/12/2020;16/12/2020 11:38;564519529
285053944;16/10/2020;16/10/2020 11:35;445786917
170394283;18/4/2020;18/4/2020 10:30;307900233
674403407;28/7/2020;28/7/2020 10:58;150494290
915392589;10/6/2020;10/6/2020 16:29;380227339
544836438;22/12/2020;22/12/2020 16:8;245006500
115109445;28/11/2020;28/11/2020 14:44;545824448
193233484;23/6/2020;23/6/2020 15:20;380227339
843237935;27/12/2020;27/12/2020 12:33;307900233
479829705;1/5/2020;1/5/2020 18:50;847072062
764006939;7/4/2020;7/4/2020 14:36;158608859
383423211;1/9/2020;1/9/2020 14:41;150494290
238419954;11/12/2020;11/12/2020 16:1;150494290
580774043;20/5/2020;20/5/2020 13:44;315580066
869349223;17/2/2020;17/2/2020 17:18;928981058
411005923;23/10/2020;23/10/2020 16:56;245006500
195026835;2/12/2020;2/12/2020 13:17;361559887
878975111;8/1/2020;8/1/2020 11:40;361559887
864236035;9/5/2020;9/5/2020 19:17;158608859
943946742;7/9/2020;7/9/2020 14:32;307900233
532947477;24/9/2020;24/9/2020 10:14;380227339
848028135;18/1/2020;18/1/2020 15:50;245006500
704181528;3/1/2020;3/1/2020 19:36;150494290
742927815;4/5/2020;4/5/2020 10:22;928981058
240156419;26/5/2020;26/5/2020 15:39;315580066
386151210;2/10/2020;2/10/2020 11:7;245006500
224984198;8/9/2020;8/9/2020 19:15;564519529
686185162;16/1/2020;16/1/2020 13:10;158536472
822040258;3/4/2020;3/4/2020 14:48;150494290
102142129;7/1/2020;7/1/2020 11:49;847072062
924411140;18/2/2020;18/2/2020 16:17;546766855
351793043;21/11/2020;21/11/2020 17:28;564519529
336813672;19/6/2020;19/6/2020 15:45;847072062
708208775;18/2/2020;18/2/2020 18:21;445786917
831132194;27/6/2020;27/6/2020 10:22;545824448
230590417;4/10/2020;4/10/2020 17:10;158536472
242094410;24/9/2020;24/9/2020 14:56;564519529
407500305;11/9/2020;11/9/2020 11:39;564519529
276915341;16/3/2020;16/3/2020 15:31;545824448
638152256;10/8/2020;10/8/2020 10:50;928981058
275355346;2/10/2020;2/10/2020 15:40;928981058
900661228;10/8/2020;10/8/2020 14:44;546766855
606186146;26/9/2020;26/9/2020 15:56;545824448
250787351;10/1/2020;10/1/2020 17:36;564519529
697260232;7/7/2020;7/7/2020 18:7;158608859
915612404;23/3/2020;23/3/2020 15:19;545824448
112927396;10/9/2020;10/9/2020 11:12;361559887
581053626;21/5/2020;21/5/2020 13:33;564519529
442634546;27/4/2020;27/4/2020 13:42;307900233
692399963;24/4/2020;24/4/2020 16:19;245006500
683298877;13/1/2020;13/1/2020 11:29;564519529
849859712;23/3/2020;23/3/2020 18:44;545824448
284116225;17/2/2020;17/2/2020 18:41;307900233
257904743;14/9/2020;14/9/2020 19:28;307900233
468456833;23/2/2020;23/2/2020 14:20;380227339
463623908;22/10/2020;22/10/2020 11:10;546766855
974980717;15/1/2020;15/1/2020 18:41;158608859
764489321;1/6/2020;1/6/2020 13:12;445786917
105907133;25/6/2020;25/6/2020 14:6;150494290
545993854;4/1/2020;4/1/2020 10:5;847072062
546219926;28/1/2020;28/1/2020 12:32;245006500
623430921;5/12/2020;5/12/2020 16:36;150494290
245992223;25/10/2020;25/10/2020 16:1;928981058
616696484;4/12/2020;4/12/2020 15:50;150494290
630296848;12/3/2020;12/3/2020 12:50;158536472
237675720;17/6/2020;17/6/2020 11:48;847072062
846936320;18/6/2020;18/6/2020 18:31;158536472
227094162;21/1/2020;21/1/2020 13:44;545824448
213703384;5/4/2020;5/4/2020 11:18;503366250
139897437;24/1/2020;24/1/2020 12:52;158608859
759262449;5/7/2020;5/7/2020 13:50;445786917
650399263;7/9/2020;7/9/2020 19:57;847072062
814969668;12/1/2020;12/1/2020 19:6;307900233
640023675;7/12/2020;7/12/2020 19:42;245006500
794915409;7/7/2020;7/7/2020 17:47;307900233
481183384;6/9/2020;6/9/2020 13:16;545824448
400070283;26/3/2020;26/3/2020 18:39;564519529
221799547;14/4/2020;14/4/2020 19:29;847072062
438558555;16/6/2020;16/6/2020 11:59;545824448
847427599;2/7/2020;2/7/2020 17:43;546766855
973354863;25/2/2020;25/2/2020 12:27;445786917
671041144;19/12/2020;19/12/2020 12:11;445786917
693526773;17/12/2020;17/12/2020 17:30;545824448
894353361;18/11/2020;18/11/2020 16:12;315580066
760564935;4/7/2020;4/7/2020 10:41;158536472
170513616;15/4/2020;15/4/2020 13:43;315580066
524805145;26/9/2020;26/9/2020 17:28;150494290
590150345;6/8/2020;6/8/2020 19:49;445786917
504191908;8/3/2020;8/3/2020 18:55;315580066
102612189;5/1/2020;5/1/2020 10:59;564519529
438677390;22/12/2020;22/12/2020 14:55;380227339
114194808;13/2/2020;13/2/2020 15:52;158608859
714039014;18/1/2020;18/1/2020 12:17;564519529
376980751;16/2/2020;16/2/2020 12:37;150494290
323448224;22/5/2020;22/5/2020 19:57;158608859
112412495;4/9/2020;4/9/2020 15:35;545824448
760021710;25/3/2020;25/3/2020 10:26;380227339
965148128;22/3/2020;22/3/2020 18:6;158608859
416704969;17/9/2020;17/9/2020 11:55;503366250
271543711;16/1/2020;16/1/2020 19:36;150494290
672438000;16/2/2020;16/2/2020 14:31;315580066
391741730;25/9/2020;25/9/2020 13:35;315580066
834175516;15/2/2020;15/2/2020 13:8;928981058
769101786;15/8/2020;15/8/2020 14:22;150494290
703622298;6/12/2020;6/12/2020 11:48;380227339
719890844;14/10/2020;14/10/2020 16:9;315580066
650427471;4/12/2020;4/12/2020 14:30;245006500
858940572;9/5/2020;9/5/2020 16:16;445786917
877286420;17/4/2020;17/4/2020 19:36;928981058
583758930;6/9/2020;6/9/2020 10:25;380227339
905420841;5/12/2020;5/12/2020 17:42;445786917
158945542;25/11/2020;25/11/2020 10:34;445786917
461356960;28/12/2020;28/12/2020 15:23;847072062
493670581;12/10/2020;12/10/2020 11:5;307900233
322841291;22/7/2020;22/7/2020 18:33;545824448
526156233;23/11/2020;23/11/2020 10:53;150494290
830463755;14/10/2020;14/10/2020 16:39;380227339
723119016;11/10/2020;11/10/2020 15:2;315580066
316854617;22/3/2020;22/3/2020 10:19;928981058
859429117;2/6/2020;2/6/2020 18:46;315580066
802149584;14/5/2020;14/5/2020 12:1;928981058
505522861;15/5/2020;15/5/2020 12:39;546766855
643705340;18/1/2020;18/1/2020 14:39;545824448
664902924;20/5/2020;20/5/2020 10:10;928981058
578625571;17/6/2020;17/6/2020 15:25;307900233
785275029;28/11/2020;28/11/2020 16:4;847072062
594324237;10/6/2020;10/6/2020 19:1;564519529
415313997;21/8/2020;21/8/2020 19:57;503366250
990405830;27/1/2020;27/1/2020 17:34;928981058
555006551;1/6/2020;1/6/2020 16:48;315580066
886258640;1/4/2020;1/4/2020 18:56;503366250
469202506;14/12/2020;14/12/2020 10:27;847072062
646696815;4/11/2020;4/11/2020 10:57;564519529
849955954;13/7/2020;13/7/2020 17:47;361559887
898502760;1/3/2020;1/3/2020 16:7;564519529
332141115;10/8/2020;10/8/2020 13:38;928981058
149744842;4/12/2020;4/12/2020 11:53;847072062
581269966;3/11/2020;3/11/2020 14:7;847072062
839944811;4/11/2020;4/11/2020 14:51;847072062
738433357;1/8/2020;1/8/2020 17:7;158608859
610065630;5/4/2020;5/4/2020 17:32;150494290
610013448;13/10/2020;13/10/2020 17:50;380227339
260561026;19/8/2020;19/8/2020 17:8;158536472
347442863;21/7/2020;21/7/2020 15:25;150494290
516769773;24/1/2020;24/1/2020 15:38;545824448
690091740;10/9/2020;10/9/2020 19:36;564519529
215165655;14/2/2020;14/2/2020 16:26;928981058
609899024;1/3/2020;1/3/2020 16:44;315580066
138080900;7/4/2020;7/4/2020 11:29;445786917
461484254;28/5/2020;28/5/2020 19:42;245006500
393360247;11/8/2020;11/8/2020 16:26;158608859
202989018;19/7/2020;19/7/2020 11:6;158608859
680853451;28/4/2020;28/4/2020 12:12;928981058
207468473;4/6/2020;4/6/2020 13:29;150494290
274940562;8/12/2020;8/12/2020 18:20;546766855
706589169;6/11/2020;6/11/2020 18:44;564519529
633993503;4/12/2020;4/12/2020 18:9;545824448
103987690;7/11/2020;7/11/2020 11:20;361559887
167078243;28/2/2020;28/2/2020 11:14;150494290
357987948;8/9/2020;8/9/2020 14:25;928981058
754888881;23/7/2020;23/7/2020 14:6;545824448
208480876;13/12/2020;13/12/2020 11:34;361559887
667367327;24/6/2020;24/6/2020 18:28;928981058
696530580;22/12/2020;22/12/2020 14:47;158608859
897787331;18/8/2020;18/8/2020 15:44;315580066
824319562;16/6/2020;16/6/2020 18:39;503366250
948323721;10/10/2020;10/10/2020 16:27;158536472
724822877;2/3/2020;2/3/2020 16:41;564519529
893637298;6/1/2020;6/1/2020 15:56;847072062
106843345;18/9/2020;18/9/2020 19:16;380227339
711800909;16/2/2020;16/2/2020 18:57;928981058
898363541;17/12/2020;17/12/2020 11:54;315580066
206171488;2/5/2020;2/5/2020 17:33;503366250
203132786;3/6/2020;3/6/2020 11:49;158536472
842484461;9/5/2020;9/5/2020 15:47;307900233
337253993;10/4/2020;10/4/2020 12:56;158536472
510715495;9/4/2020;9/4/2020 10:46;158536472
159675261;1/8/2020;1/8/2020 14:44;445786917
953223405;13/8/2020;13/8/2020 11:47;307900233
881704375;26/7/2020;26/7/2020 16:57;361559887
195777667;16/1/2020;16/1/2020 18:47;445786917
652115940;11/10/2020;11/10/2020 11:10;380227339
213440957;10/2/2020;10/2/2020 12:47;564519529
755609087;20/3/2020;20/3/2020 13:23;315580066
146182717;9/11/2020;9/11/2020 17:24;361559887
963630998;20/3/2020;20/3/2020 10:14;380227339
245778821;25/5/2020;25/5/2020 18:48;847072062
559336971;18/6/2020;18/6/2020 16:4;245006500
528915464;12/9/2020;12/9/2020 15:33;546766855
696592023;7/5/2020;7/5/2020 16:47;315580066
246542438;24/1/2020;24/1/2020 15:36;158536472
947878618;20/6/2020;20/6/2020 11:49;315580066
119216533;21/10/2020;21/10/2020 19:36;445786917
110055352;4/1/2020;4/1/2020 13:50;361559887
104961036;9/11/2020;9/11/2020 15:50;503366250
129679190;27/8/2020;27/8/2020 12:43;245006500
291662286;1/4/2020;1/4/2020 15:6;307900233
557400340;25/2/2020;25/2/2020 16:5;445786917
732986119;16/5/2020;16/5/2020 10:23;158536472
616278413;25/8/2020;25/8/2020 17:7;847072062
892518136;16/5/2020;16/5/2020 10:23;361559887
808563885;8/5/2020;8/5/2020 14:18;928981058
441034787;20/7/2020;20/7/2020 18:12;928981058
919380434;4/9/2020;4/9/2020 12:45;564519529
680110785;25/8/2020;25/8/2020 10:31;158608859
894441603;4/7/2020;4/7/2020 12:50;546766855
943697755;25/4/2020;25/4/2020 19:10;380227339
121232182;25/2/2020;25/2/2020 16:50;445786917
258132515;8/2/2020;8/2/2020 11:27;361559887
611639858;20/10/2020;20/10/2020 17:43;564519529
817740054;28/1/2020;28/1/2020 12:20;564519529
977986028;5/2/2020;5/2/2020 13:41;545824448
937059528;18/1/2020;18/1/2020 11:59;847072062
795715504;9/9/2020;9/9/2020 12:46;158608859
240983225;18/2/2020;18/2/2020 18:29;503366250
251108433;3/10/2020;3/10/2020 10:23;546766855
261333426;12/8/2020;12/8/2020 12:59;150494290
146704366;21/1/2020;21/1/2020 11:42;380227339
471396115;26/10/2020;26/10/2020 15:48;380227339
552419873;8/7/2020;8/7/2020 10:58;315580066
809177921;4/4/2020;4/4/2020 17:47;545824448
333660607;9/2/2020;9/2/2020 10:29;928981058
215782796;2/9/2020;2/9/2020 14:27;158536472
889809881;12/5/2020;12/5/2020 16:13;380227339
372346209;4/8/2020;4/8/2020 13:51;245006500
771590727;3/4/2020;3/4/2020 19:53;361559887
615282502;20/3/2020;20/3/2020 15:12;150494290
242253390;19/6/2020;19/6/2020 18:43;564519529
786576015;2/3/2020;2/3/2020 17:10;361559887
535246818;23/9/2020;23/9/2020 12:20;928981058
645019288;25/8/2020;25/8/2020 16:37;158536472
926506863;22/10/2020;22/10/2020 19:19;380227339
761894744;20/5/2020;20/5/2020 11:8;564519529
949906101;26/7/2020;26/7/2020 17:1;503366250
857532676;20/6/2020;20/6/2020 18:53;445786917
594191261;4/3/2020;4/3/2020 11:40;158536472
931654915;27/9/2020;27/9/2020 16:39;380227339
927210781;16/1/2020;16/1/2020 15:20;361559887
125051132;21/5/2020;21/5/2020 16:17;245006500
239110737;10/5/2020;10/5/2020 18:53;564519529
384741089;8/12/2020;8/12/2020 11:2;150494290
220679852;18/9/2020;18/9/2020 19:40;361559887
810055805;20/6/2020;20/6/2020 14:28;245006500
993536570;20/12/2020;20/12/2020 10:53;245006500
604341600;23/10/2020;23/10/2020 14:54;564519529
478936399;5/9/2020;5/9/2020 10:52;315580066
939645885;28/11/2020;28/11/2020 13:19;158608859
667063398;24/11/2020;24/11/2020 12:14;847072062
238818303;23/9/2020;23/9/2020 18:15;150494290
994690770;23/7/2020;23/7/2020 11:57;361559887
746649845;26/4/2020;26/4/2020 12:32;445786917
271360254;22/6/2021;22/6/2021 16:13;567571454
558997993;11/9/2021;11/9/2021 19:44;497304188
262642466;26/7/2021;26/7/2021 10:6;444890215
263404520;2/3/2021;2/3/2021 14:39;230462671
117753060;16/3/2021;16/3/2021 18:56;587526679
760990870;20/1/2021;20/1/2021 10:54;735069494
454890578;28/8/2021;28/8/2021 14:10;497304188
159142860;3/1/2021;3/1/2021 16:3;814443211
462232098;24/6/2021;24/6/2021 10:23;982003207
449691959;15/4/2021;15/4/2021 11:36;398961055
958146638;23/8/2021;23/8/2021 10:46;982003207
338607848;21/9/2021;21/9/2021 10:51;431477979
245882579;16/11/2021;16/11/2021 16:27;814443211
211655598;12/8/2021;12/8/2021 10:54;982003207
686229666;4/7/2021;4/7/2021 18:49;982003207
615911557;14/10/2021;14/10/2021 10:30;971322316
689665540;4/6/2021;4/6/2021 18:7;567571454
224327464;9/12/2021;9/12/2021 14:13;588116665
507151938;12/10/2021;12/10/2021 10:45;567571454
242713049;1/6/2021;1/6/2021 12:34;620344003
981940315;4/8/2021;4/8/2021 12:22;444890215
669164183;9/1/2021;9/1/2021 11:36;497304188
313304148;2/4/2021;2/4/2021 12:23;638377738
777010833;10/6/2021;10/6/2021 11:7;497304188
981102232;15/11/2021;15/11/2021 11:37;567571454
400960694;16/1/2021;16/1/2021 15:59;431477979
724392747;23/12/2021;23/12/2021 15:14;587526679
386735399;26/11/2021;26/11/2021 17:26;982003207
905361886;26/10/2021;26/10/2021 15:53;638377738
593348135;22/11/2021;22/11/2021 13:56;735069494
299640979;28/4/2021;28/4/2021 19:43;497304188
107554567;22/11/2021;22/11/2021 10:47;190932903
913802742;19/2/2021;19/2/2021 15:33;620344003
615158983;2/8/2021;2/8/2021 11:21;230462671
294469769;21/11/2021;21/11/2021 19:14;398961055
419124801;17/4/2021;17/4/2021 15:5;982003207
932154327;4/4/2021;4/4/2021 12:51;431477979
346781506;14/6/2021;14/6/2021 18:36;982003207
924515877;7/9/2021;7/9/2021 17:45;971322316
935882276;22/11/2021;22/11/2021 18:44;444890215
845293052;10/8/2021;10/8/2021 16:7;444890215
535994127;20/6/2021;20/6/2021 13:58;230462671
404461737;6/11/2021;6/11/2021 17:4;431477979
840874719;1/1/2021;1/1/2021 11:48;735069494
338519550;2/7/2021;2/7/2021 11:53;587526679
691320090;12/9/2021;12/9/2021 19:26;398961055
837414671;25/10/2021;25/10/2021 10:25;735069494
924252520;12/11/2021;12/11/2021 11:42;735069494
803104922;7/12/2021;7/12/2021 12:21;620344003
982437417;18/3/2021;18/3/2021 10:28;444890215
540396043;17/11/2021;17/11/2021 19:50;497304188
471722022;21/12/2021;21/12/2021 11:27;587526679
564304886;6/5/2021;6/5/2021 15:45;587526679
437158855;27/10/2021;27/10/2021 16:15;497304188
506587562;6/7/2021;6/7/2021 13:57;431477979
784836504;6/1/2021;6/1/2021 12:1;190932903
485642166;11/6/2021;11/6/2021 11:41;971322316
338069605;16/9/2021;16/9/2021 14:46;735069494
929606418;23/8/2021;23/8/2021 12:32;398961055
195479002;2/12/2021;2/12/2021 11:29;971322316
893091712;2/12/2021;2/12/2021 13:27;735069494
517173659;24/8/2021;24/8/2021 19:27;814443211
886614953;10/1/2021;10/1/2021 15:52;190932903
932524238;24/5/2021;24/5/2021 18:1;497304188
280583659;3/6/2021;3/6/2021 11:55;444890215
591154723;17/10/2021;17/10/2021 18:54;398961055
656209974;14/1/2021;14/1/2021 17:40;431477979
393345791;5/9/2021;5/9/2021 13:23;190932903
228626457;6/12/2021;6/12/2021 10:1;444890215
219513861;8/6/2021;8/6/2021 16:10;190932903
408947512;24/4/2021;24/4/2021 16:51;567571454
133576510;16/4/2021;16/4/2021 16:58;431477979
826659105;14/11/2021;14/11/2021 15:1;587526679
265792370;4/5/2021;4/5/2021 16:32;735069494
398837535;28/11/2021;28/11/2021 13:50;497304188
124181589;6/1/2021;6/1/2021 13:37;814443211
378269660;1/7/2021;1/7/2021 19:23;567571454
663538200;12/1/2021;12/1/2021 19:6;588116665
629453008;25/2/2021;25/2/2021 10:46;398961055
804078156;1/4/2021;1/4/2021 18:9;620344003
368035157;18/6/2021;18/6/2021 10:44;431477979
873610231;28/1/2021;28/1/2021 11:29;567571454
991045011;1/5/2021;1/5/2021 17:5;620344003
404923471;1/2/2021;1/2/2021 13:1;398961055
996375483;16/4/2021;16/4/2021 16:24;814443211
687352602;25/2/2021;25/2/2021 15:15;230462671
621019545;2/12/2021;2/12/2021 15:28;587526679
690908098;23/5/2021;23/5/2021 11:12;588116665
807788647;24/7/2021;24/7/2021 16:7;814443211
887406716;21/5/2021;21/5/2021 10:21;230462671
246354898;19/1/2021;19/1/2021 16:29;431477979
941737482;24/8/2021;24/8/2021 15:15;982003207
107945522;26/7/2021;26/7/2021 14:25;567571454
806649820;25/2/2021;25/2/2021 12:26;735069494
544445288;22/10/2021;22/10/2021 17:47;735069494
388116505;24/7/2021;24/7/2021 19:43;971322316
355600562;7/9/2021;7/9/2021 12:9;497304188
107297077;8/1/2021;8/1/2021 14:23;971322316
979684888;18/11/2021;18/11/2021 19:59;638377738
457215695;12/7/2021;12/7/2021 14:34;190932903
966917615;20/4/2021;20/4/2021 19:34;814443211
659232063;22/12/2021;22/12/2021 11:31;431477979
506347255;10/5/2021;10/5/2021 13:22;587526679
759797771;13/4/2021;13/4/2021 11:56;814443211
440392871;4/9/2021;4/9/2021 15:59;971322316
676253586;13/9/2021;13/9/2021 14:32;971322316
378560331;1/6/2021;1/6/2021 11:1;567571454
188314614;13/6/2021;13/6/2021 13:53;971322316
679555860;4/6/2021;4/6/2021 17:2;735069494
984888007;25/6/2021;25/6/2021 10:52;444890215
413332116;3/10/2021;3/10/2021 11:6;444890215
595582724;1/2/2021;1/2/2021 14:11;431477979
138618035;1/4/2021;1/4/2021 18:20;971322316
947826754;11/11/2021;11/11/2021 15:14;567571454
617873206;15/12/2021;15/12/2021 18:8;230462671
933325529;2/7/2021;2/7/2021 10:36;190932903
434820627;12/4/2021;12/4/2021 17:15;431477979
885481982;18/1/2021;18/1/2021 19:55;971322316
545886746;18/10/2021;18/10/2021 19:34;431477979
624675051;18/2/2021;18/2/2021 14:52;587526679
952450340;16/2/2021;16/2/2021 15:10;982003207
984121587;3/4/2021;3/4/2021 15:6;814443211
297610810;1/12/2021;1/12/2021 15:39;620344003
530141488;25/6/2021;25/6/2021 13:1;587526679
876952424;23/12/2021;23/12/2021 13:41;497304188
225784580;10/7/2021;10/7/2021 11:41;431477979
870033502;23/6/2021;23/6/2021 16:44;638377738
230533612;18/5/2021;18/5/2021 15:57;190932903
877385636;27/3/2021;27/3/2021 19:42;638377738
584545570;17/8/2021;17/8/2021 11:56;587526679
481582732;14/8/2021;14/8/2021 12:1;398961055
749095866;10/5/2021;10/5/2021 11:6;230462671
265518212;26/3/2021;26/3/2021 14:43;567571454
424727692;24/7/2021;24/7/2021 15:35;620344003
643639689;8/9/2021;8/9/2021 10:34;230462671
166928074;6/10/2021;6/10/2021 16:46;230462671
974635281;16/11/2021;16/11/2021 10:31;735069494
773860245;18/7/2021;18/7/2021 14:44;567571454
408041939;3/3/2021;3/3/2021 17:21;588116665
921145637;4/5/2021;4/5/2021 14:28;587526679
488718431;6/9/2021;6/9/2021 15:11;497304188
102907603;24/1/2021;24/1/2021 15:52;638377738
537213594;21/5/2021;21/5/2021 18:49;567571454
330257310;22/4/2021;22/4/2021 16:12;814443211
427423126;9/3/2021;9/3/2021 16:50;567571454
301293431;23/3/2021;23/3/2021 10:51;587526679
377402561;5/11/2021;5/11/2021 17:35;814443211
258162276;22/9/2021;22/9/2021 13:37;431477979
679961776;5/6/2021;5/6/2021 17:40;398961055
207228550;23/12/2021;23/12/2021 14:48;588116665
904823831;28/10/2021;28/10/2021 16:43;497304188
789132339;11/5/2021;11/5/2021 13:58;620344003
594870444;4/9/2021;4/9/2021 10:3;638377738
686738123;25/8/2021;25/8/2021 15:43;814443211
397399018;2/3/2021;2/3/2021 10:46;971322316
388677419;15/5/2021;15/5/2021 11:37;567571454
197694079;1/4/2021;1/4/2021 19:11;230462671
372485014;4/10/2021;4/10/2021 17:56;587526679
290199256;23/12/2021;23/12/2021 11:18;398961055
399884114;13/6/2021;13/6/2021 19:54;398961055
821849036;21/8/2021;21/8/2021 14:49;620344003
104131024;2/4/2021;2/4/2021 15:19;230462671
692170425;8/9/2021;8/9/2021 15:10;230462671
309053014;22/10/2021;22/10/2021 13:49;638377738
328126979;24/11/2021;24/11/2021 10:22;398961055
210194457;27/9/2021;27/9/2021 13:38;620344003
451358920;24/6/2021;24/6/2021 18:16;588116665
209923206;7/4/2021;7/4/2021 19:25;398961055
800712064;28/1/2021;28/1/2021 13:20;497304188
689789715;25/7/2021;25/7/2021 14:59;638377738
856368428;7/6/2021;7/6/2021 12:44;398961055
165751690;14/6/2021;14/6/2021 15:41;982003207
706401662;1/3/2021;1/3/2021 13:58;444890215
360380514;1/7/2021;1/7/2021 17:58;230462671
642787664;27/8/2021;27/8/2021 10:48;971322316
648669560;12/5/2021;12/5/2021 18:47;444890215
704361249;2/12/2021;2/12/2021 18:21;497304188
729714330;26/7/2021;26/7/2021 11:20;588116665
458907070;3/10/2021;3/10/2021 11:8;620344003
250900432;1/5/2021;1/5/2021 19:46;431477979
765531265;8/3/2021;8/3/2021 10:36;587526679
893745904;28/9/2021;28/9/2021 13:46;638377738
516768179;12/11/2021;12/11/2021 14:3;971322316
721628675;8/7/2021;8/7/2021 18:11;620344003
434924978;5/6/2021;5/6/2021 18:48;588116665
129136578;28/1/2021;28/1/2021 13:39;982003207
796623506;14/8/2021;14/8/2021 15:10;398961055
100907395;2/5/2021;2/5/2021 19:57;982003207
309121548;22/2/2021;22/2/2021 17:22;587526679
605320073;27/6/2021;27/6/2021 13:23;444890215
880293530;12/12/2021;12/12/2021 19:38;814443211
887599642;12/1/2021;12/1/2021 11:34;587526679
989663766;17/4/2021;17/4/2021 14:54;735069494
578747840;27/10/2021;27/10/2021 18:28;814443211
220624098;28/10/2021;28/10/2021 12:6;638377738
234585061;14/3/2021;14/3/2021 14:9;814443211
811278096;28/8/2021;28/8/2021 17:50;638377738
270289338;19/11/2021;19/11/2021 16:26;971322316
223215126;24/11/2021;24/11/2021 15:50;971322316
678711086;8/11/2021;8/11/2021 18:22;497304188
981615080;24/8/2021;24/8/2021 16:27;620344003
701838244;15/3/2021;15/3/2021 15:28;971322316
733167432;3/2/2021;3/2/2021 11:1;588116665
811100038;1/2/2021;1/2/2021 16:36;497304188
833605581;9/9/2021;9/9/2021 10:59;190932903
869220104;17/10/2021;17/10/2021 17:6;814443211
553052337;10/3/2021;10/3/2021 10:3;567571454
850030682;11/4/2021;11/4/2021 14:42;814443211
130635875;20/1/2021;20/1/2021 13:43;588116665
975682763;23/11/2021;23/11/2021 17:58;971322316
534268125;7/9/2021;7/9/2021 10:6;588116665
662179195;18/4/2021;18/4/2021 14:12;620344003
254001303;21/3/2021;21/3/2021 13:44;567571454
399725842;22/8/2021;22/8/2021 15:24;190932903
949342815;6/4/2021;6/4/2021 16:41;190932903
612931495;2/1/2021;2/1/2021 13:32;620344003
574650683;6/12/2021;6/12/2021 12:29;638377738
297342376;26/12/2021;26/12/2021 13:37;444890215
802994077;10/6/2021;10/6/2021 14:58;431477979
781263296;1/9/2021;1/9/2021 16:12;971322316
724003064;26/7/2021;26/7/2021 16:8;497304188
130360403;3/8/2021;3/8/2021 10:15;567571454
737237925;15/2/2021;15/2/2021 19:59;190932903
530967019;14/2/2021;14/2/2021 18:43;620344003
799667293;18/12/2021;18/12/2021 12:48;814443211
212252929;23/5/2021;23/5/2021 17:38;190932903
282153841;12/7/2021;12/7/2021 14:55;620344003
473480403;27/4/2021;27/4/2021 19:55;230462671
369979656;12/1/2021;12/1/2021 11:59;444890215
637149924;1/3/2021;1/3/2021 19:53;190932903
522491904;7/2/2021;7/2/2021 15:41;982003207
893427702;5/10/2021;5/10/2021 13:46;735069494
588999209;17/10/2021;17/10/2021 12:55;588116665
270998132;11/3/2021;11/3/2021 18:4;431477979
393230032;13/12/2021;13/12/2021 18:18;735069494
831415592;17/8/2021;17/8/2021 12:23;444890215
176628877;20/10/2021;20/10/2021 18:38;587526679
513898028;20/7/2021;20/7/2021 14:34;230462671
593059475;15/6/2021;15/6/2021 19:15;190932903
692550364;6/4/2021;6/4/2021 13:47;567571454
700354722;12/1/2021;12/1/2021 16:19;638377738
202968875;2/2/2021;2/2/2021 16:8;190932903
597384445;11/4/2021;11/4/2021 12:7;638377738
408391119;4/9/2021;4/9/2021 10:51;587526679
206675857;23/7/2021;23/7/2021 11:27;398961055
244041270;17/12/2021;17/12/2021 17:22;620344003
410676565;27/9/2021;27/9/2021 15:5;444890215
967817059;21/10/2021;21/10/2021 13:19;620344003
902214046;9/8/2021;9/8/2021 11:40;398961055
228794882;24/2/2021;24/2/2021 19:59;588116665
889955036;25/11/2021;25/11/2021 10:13;814443211
400091069;26/5/2021;26/5/2021 14:10;190932903
723044183;15/11/2021;15/11/2021 14:52;588116665
627493257;10/10/2021;10/10/2021 17:57;638377738
582184933;2/6/2021;2/6/2021 16:43;735069494
719708454;15/3/2021;15/3/2021 19:32;588116665
286098092;12/11/2021;12/11/2021 16:23;587526679
752485613;7/3/2021;7/3/2021 11:25;735069494
378452057;8/3/2021;8/3/2021 17:58;971322316
861490977;23/2/2021;23/2/2021 11:32;735069494
179480668;27/11/2021;27/11/2021 13:12;814443211
413626109;3/9/2021;3/9/2021 12:7;567571454
960063646;11/9/2021;11/9/2021 10:32;444890215
445021023;7/3/2021;7/3/2021 12:29;620344003
424503782;27/6/2021;27/6/2021 15:43;588116665
326209238;7/12/2021;7/12/2021 10:30;982003207
836372324;23/6/2021;23/6/2021 14:46;567571454
611446247;17/8/2021;17/8/2021 11:42;567571454
114181987;1/3/2021;1/3/2021 13:15;735069494
511895572;12/8/2021;12/8/2021 13:57;587526679
152976249;25/11/2021;25/11/2021 11:46;971322316
583312555;15/5/2021;15/5/2021 17:15;567571454
449839030;9/4/2021;9/4/2021 14:21;982003207
700511573;9/6/2021;9/6/2021 12:9;587526679
933917678;24/8/2021;24/8/2021 15:53;735069494
115874343;19/8/2021;19/8/2021 15:25;814443211
828026333;5/1/2021;5/1/2021 12:21;638377738
689423294;24/10/2021;24/10/2021 19:19;431477979
286303825;26/6/2021;26/6/2021 11:3;735069494
423949971;15/8/2021;15/8/2021 12:34;444890215
363327264;27/9/2021;27/9/2021 17:48;620344003
151705243;17/11/2021;17/11/2021 15:36;431477979
447110983;28/10/2021;28/10/2021 16:8;190932903
535542254;17/12/2021;17/12/2021 12:33;620344003
245927728;11/3/2021;11/3/2021 13:37;398961055
749779500;19/12/2021;19/12/2021 15:58;444890215
895303260;3/11/2021;3/11/2021 16:20;444890215
843446278;20/10/2021;20/10/2021 11:2;814443211
431695141;6/5/2021;6/5/2021 15:46;497304188
653061911;14/9/2021;14/9/2021 15:11;398961055
298344264;24/2/2021;24/2/2021 19:24;588116665
334763552;23/9/2021;23/9/2021 15:59;638377738
907732755;11/10/2021;11/10/2021 15:26;982003207
177098782;10/12/2021;10/12/2021 14:23;588116665
163323348;19/11/2021;19/11/2021 17:8;735069494
523669700;24/9/2021;24/9/2021 10:3;971322316
374257684;23/9/2021;23/9/2021 19:15;230462671
310506474;11/2/2021;11/2/2021 10:43;638377738
541559411;25/1/2021;25/1/2021 12:24;444890215
420682542;25/3/2021;25/3/2021 16:3;398961055
